cost_per_contact,success_rate,value_per_retained,best_threshold,n_contacted,pct_contacted,net_value,roi
10,0.15,300,0.54,274.0,19.44641589779986,5585.0,2.0383211678832116
10,0.15,600,0.54,274.0,19.44641589779986,13910.0,5.076642335766423
10,0.15,1000,0.54,274.0,19.44641589779986,25010.0,9.127737226277372
10,0.3,300,0.54,274.0,19.44641589779986,13910.0,5.076642335766423
10,0.3,600,0.54,274.0,19.44641589779986,30560.0,11.153284671532846
10,0.3,1000,0.54,274.0,19.44641589779986,52760.0,19.255474452554743
10,0.5,300,0.54,274.0,19.44641589779986,25010.0,9.127737226277372
10,0.5,600,0.54,274.0,19.44641589779986,52760.0,19.255474452554743
10,0.5,1000,0.54,274.0,19.44641589779986,89760.0,32.75912408759124
25,0.15,300,0.55,264.0,18.73669268985096,1545.0,0.2340909090909091
25,0.15,600,0.54,274.0,19.44641589779986,9800.0,1.4306569343065694
25,0.15,1000,0.54,274.0,19.44641589779986,20900.0,3.051094890510949
25,0.3,300,0.54,274.0,19.44641589779986,9800.0,1.4306569343065694
25,0.3,600,0.54,274.0,19.44641589779986,26450.0,3.8613138686131387
25,0.3,1000,0.54,274.0,19.44641589779986,48650.0,7.102189781021898
25,0.5,300,0.54,274.0,19.44641589779986,20900.0,3.051094890510949
25,0.5,600,0.54,274.0,19.44641589779986,48650.0,7.102189781021898
25,0.5,1000,0.54,274.0,19.44641589779986,85650.0,12.503649635036496
50,0.15,300,0.79,0.0,0.0,0.0,
50,0.15,600,0.55,264.0,18.73669268985096,3090.0,0.2340909090909091
50,0.15,1000,0.54,274.0,19.44641589779986,14050.0,1.0255474452554745
50,0.3,300,0.55,264.0,18.73669268985096,3090.0,0.2340909090909091
50,0.3,600,0.54,274.0,19.44641589779986,19600.0,1.4306569343065694
50,0.3,1000,0.54,274.0,19.44641589779986,41800.0,3.051094890510949
50,0.5,300,0.54,274.0,19.44641589779986,14050.0,1.0255474452554745
50,0.5,600,0.54,274.0,19.44641589779986,41800.0,3.051094890510949
50,0.5,1000,0.54,274.0,19.44641589779986,78800.0,5.751824817518248
100,0.15,300,0.79,0.0,0.0,0.0,
100,0.15,600,0.79,0.0,0.0,0.0,
100,0.15,1000,0.68,100.0,7.097232079488999,2450.0,0.245
100,0.3,300,0.79,0.0,0.0,0.0,
100,0.3,600,0.55,264.0,18.73669268985096,6180.0,0.2340909090909091
100,0.3,1000,0.54,274.0,19.44641589779986,28100.0,1.0255474452554745
100,0.5,300,0.68,100.0,7.097232079488999,2450.0,0.245
100,0.5,600,0.54,274.0,19.44641589779986,28100.0,1.0255474452554745
100,0.5,1000,0.54,274.0,19.44641589779986,65100.0,2.375912408759124
