cost_per_contact,success_rate,value_per_retained,breakeven_threshold,policy,n_contacted,pct_contacted,net_value,roi
10,0.15,300,0.2222222222222222,target p >= threshold,635,45.06742370475514,7375.0,1.1614173228346456
10,0.15,600,0.1111111111111111,target p >= threshold,813,57.70049680624557,22560.0,2.774907749077491
10,0.15,1000,0.06666666666666667,target p >= threshold,963,68.34634492547906,44520.0,4.623052959501558
10,0.3,300,0.1111111111111111,target p >= threshold,813,57.70049680624557,22560.0,2.774907749077491
10,0.3,600,0.05555555555555555,target p >= threshold,1010,71.6820440028389,55420.0,5.487128712871288
10,0.3,1000,0.03333333333333333,target p >= threshold,1363,96.73527324343506,98570.0,7.231841526045488
10,0.5,300,0.06666666666666667,target p >= threshold,963,68.34634492547906,44520.0,4.623052959501558
10,0.5,600,0.03333333333333333,target p >= threshold,1363,96.73527324343506,98570.0,7.231841526045488
10,0.5,1000,0.02,target p >= threshold,1409,100.0,172910.0,12.271823988644428
25,0.15,300,0.5555555555555556,target p >= threshold,261,18.523775727466287,1575.0,0.2413793103448276
25,0.15,600,0.2777777777777778,target p >= threshold,566,40.17033356990773,11860.0,0.8381625441696113
25,0.15,1000,0.16666666666666666,target p >= threshold,712,50.53229240596168,30500.0,1.7134831460674158
25,0.3,300,0.2777777777777778,target p >= threshold,566,40.17033356990773,11860.0,0.8381625441696113
25,0.3,600,0.1388888888888889,target p >= threshold,760,53.9389638041164,40580.0,2.1357894736842105
25,0.3,1000,0.08333333333333333,target p >= threshold,895,63.52022711142654,83225.0,3.7195530726256982
25,0.5,300,0.16666666666666666,target p >= threshold,712,50.53229240596168,30500.0,1.7134831460674158
25,0.5,600,0.08333333333333333,target p >= threshold,895,63.52022711142654,83225.0,3.7195530726256982
25,0.5,1000,0.05,target p >= threshold,1042,73.95315826827537,156450.0,6.005758157389636
50,0.15,300,1.1111111111111112,target nobody,0,0.0,0.0,
50,0.15,600,0.5555555555555556,target p >= threshold,261,18.523775727466287,3150.0,0.2413793103448276
50,0.15,1000,0.3333333333333333,target p >= threshold,515,36.550745209368344,16100.0,0.625242718446602
50,0.3,300,0.5555555555555556,target p >= threshold,261,18.523775727466287,3150.0,0.2413793103448276
50,0.3,600,0.2777777777777778,target p >= threshold,566,40.17033356990773,23720.0,0.8381625441696113
50,0.3,1000,0.16666666666666666,target p >= threshold,712,50.53229240596168,61000.0,1.7134831460674158
50,0.5,300,0.3333333333333333,target p >= threshold,515,36.550745209368344,16100.0,0.625242718446602
50,0.5,600,0.16666666666666666,target p >= threshold,712,50.53229240596168,61000.0,1.7134831460674158
50,0.5,1000,0.1,target p >= threshold,836,59.33286018452804,129700.0,3.102870813397129
100,0.15,300,2.2222222222222223,target nobody,0,0.0,0.0,
100,0.15,600,1.1111111111111112,target nobody,0,0.0,0.0,
100,0.15,1000,0.6666666666666666,target p >= threshold,118,8.37473385379702,2150.0,0.18220338983050846
100,0.3,300,1.1111111111111112,target nobody,0,0.0,0.0,
100,0.3,600,0.5555555555555556,target p >= threshold,261,18.523775727466287,6300.0,0.2413793103448276
100,0.3,1000,0.3333333333333333,target p >= threshold,515,36.550745209368344,32200.0,0.625242718446602
100,0.5,300,0.6666666666666666,target p >= threshold,118,8.37473385379702,2150.0,0.18220338983050846
100,0.5,600,0.3333333333333333,target p >= threshold,515,36.550745209368344,32200.0,0.625242718446602
100,0.5,1000,0.2,target p >= threshold,664,47.125621007806956,88600.0,1.3343373493975903
