InternetService,policy,n_customers,n_churners,churn_rate,share_of_data,n_targeted,share_targeted_within_segment,n_churners_captured,recall_within_segment,precision_within_segment
Fiber optic,reporting threshold (0.5),613,252,0.4110929853181077,0.4350603264726757,274,0.4469820554649266,179,0.7103174603174603,0.6532846715328468
DSL,reporting threshold (0.5),484,97,0.20041322314049587,0.3435060326472676,54,0.1115702479338843,34,0.35051546391752575,0.6296296296296297
No,reporting threshold (0.5),312,25,0.08012820512820513,0.22143364088005676,0,0.0,0,0.0,
Fiber optic,economics threshold (~0.139),613,252,0.4110929853181077,0.4350603264726757,489,0.797716150081566,241,0.9563492063492064,0.49284253578732107
DSL,economics threshold (~0.139),484,97,0.20041322314049587,0.3435060326472676,214,0.44214876033057854,78,0.8041237113402062,0.3644859813084112
No,economics threshold (~0.139),312,25,0.08012820512820513,0.22143364088005676,49,0.15705128205128205,14,0.56,0.2857142857142857
Fiber optic,Top-20% capacity targeting,613,252,0.4110929853181077,0.4350603264726757,239,0.3898858075040783,162,0.6428571428571429,0.6778242677824268
DSL,Top-20% capacity targeting,484,97,0.20041322314049587,0.3435060326472676,43,0.08884297520661157,32,0.32989690721649484,0.7441860465116279
No,Top-20% capacity targeting,312,25,0.08012820512820513,0.22143364088005676,0,0.0,0,0.0,
