Contract,policy,n_customers,n_churners,churn_rate,share_of_data,n_targeted,share_targeted_within_segment,n_churners_captured,recall_within_segment,precision_within_segment
Month-to-month,reporting threshold (0.5),773,329,0.425614489003881,0.5486160397444997,328,0.4243208279430789,213,0.6474164133738601,0.649390243902439
One year,reporting threshold (0.5),300,36,0.12,0.21291696238466998,0,0.0,0,0.0,
Two year,reporting threshold (0.5),336,9,0.026785714285714284,0.23846699787083037,0,0.0,0,0.0,
Month-to-month,economics threshold (~0.139),773,329,0.425614489003881,0.5486160397444997,670,0.8667529107373868,312,0.9483282674772037,0.46567164179104475
One year,economics threshold (~0.139),300,36,0.12,0.21291696238466998,77,0.25666666666666665,21,0.5833333333333334,0.2727272727272727
Two year,economics threshold (~0.139),336,9,0.026785714285714284,0.23846699787083037,5,0.01488095238095238,0,0.0,0.0
Month-to-month,Top-20% capacity targeting,773,329,0.425614489003881,0.5486160397444997,282,0.3648124191461837,194,0.5896656534954408,0.6879432624113475
One year,Top-20% capacity targeting,300,36,0.12,0.21291696238466998,0,0.0,0,0.0,
Two year,Top-20% capacity targeting,336,9,0.026785714285714284,0.23846699787083037,0,0.0,0,0.0,
