tenure_band,policy,n_customers,n_churners,churn_rate,share_of_data,n_targeted,share_targeted_within_segment,n_churners_captured,recall_within_segment,precision_within_segment
0-12 mo,reporting threshold (0.5),449,215,0.47884187082405344,0.31866572036905605,225,0.5011135857461024,154,0.7162790697674418,0.6844444444444444
13-36 mo,reporting threshold (0.5),369,100,0.27100271002710025,0.2618878637331441,82,0.2222222222222222,51,0.51,0.6219512195121951
37+ mo,reporting threshold (0.5),591,59,0.09983079526226735,0.41944641589779985,21,0.03553299492385787,8,0.13559322033898305,0.38095238095238093
0-12 mo,economics threshold (~0.139),449,215,0.47884187082405344,0.31866572036905605,381,0.8485523385300668,205,0.9534883720930233,0.5380577427821522
13-36 mo,economics threshold (~0.139),369,100,0.27100271002710025,0.2618878637331441,222,0.6016260162601627,91,0.91,0.4099099099099099
37+ mo,economics threshold (~0.139),591,59,0.09983079526226735,0.41944641589779985,149,0.2521150592216582,37,0.6271186440677966,0.2483221476510067
0-12 mo,Top-20% capacity targeting,449,215,0.47884187082405344,0.31866572036905605,211,0.46993318485523383,150,0.6976744186046512,0.7109004739336493
13-36 mo,Top-20% capacity targeting,369,100,0.27100271002710025,0.2618878637331441,58,0.15718157181571815,39,0.39,0.6724137931034483
37+ mo,Top-20% capacity targeting,591,59,0.09983079526226735,0.41944641589779985,13,0.021996615905245348,5,0.0847457627118644,0.38461538461538464
